,article,problems,qa
0,"The rain had continued for a week and the flood had created a big river which were running by Nancy Brown's farm. As she tried to gather her cows to a higher ground, she slipped and hit her head on a fallen tree trunk. The fall made her unconscious for a moment or two. When she came to, Lizzie, one of her oldest and favorite cows, was licking her face.
At that time, the water level on the farm was still rising. Nancy gathered all her strength to get up and began walking slowly with Lizzie. The rain had become much heavier, and the water in the field was now waist high. Nancy's pace got slower and slower because she felt a great pain in her head. Finally, all she could do was to throw her arm around Lizzie's neck and try to hang on. About 20 minutes later, Lizzie managed to pull herself and Nancy out of the rising water and onto a bit of high land, which seemed like a small island in the middle of a lake of white water.
Even though it was about noon, the sky was so dark and the rain and lightning was so bad that it took rescuers more than two hours to discover Nancy. A man from a helicopter  lowered a rope, but Nancy couldn't catch it. A moment later, two men landed on the small island from a ladder in the helicopter. They raised her into the helicopter and took her to the school gym, where the Red Cross had set up an emergency shelter.
When the flood disappeared two days later, Nancy immediately went back to the ""island."" Lizzie was gone. She was one of 19 cows that Nancy had lost in the flood. ""I owe my life to her,"" said Nancy with tears.","[{'question': 'What did Nancy try to do before she fell over?', 'answer': 'C', 'options': ['Measure the depth of the river', 'Look for a fallen tree trunk', 'Protect her cows from being drowned', 'Run away from the flooded farm']}, {'question': 'The following are true according to the passage except  _  .', 'answer': 'D', 'options': ['It took Lizzie and Nancy about 20 minutes to get to safety.', 'It was raining harder when Nancy managed to get up.', 'The bad weather made it difficult for rescuers to find Nancy.', 'Nancy took hold of the rope and climbed into the helicopter.']}, {'question': 'What did the local people do to help those in the flooded area according to the passage?', 'answer': 'A', 'options': ['They put up shelter for them in a school.', 'They used helicopters to help carry cows.', 'They helped farmers gather their cows.', 'They set up an organization called Red Cross.']}]","Read this passage and answer the multiple choice question below it.

The rain had continued for a week and the flood had created a big river which were running by Nancy Brown's farm. As she tried to gather her cows to a higher ground, she slipped and hit her head on a fallen tree trunk. The fall made her unconscious for a moment or two. When she came to, Lizzie, one of her oldest and favorite cows, was licking her face.
At that time, the water level on the farm was still rising. Nancy gathered all her strength to get up and began walking slowly with Lizzie. The rain had become much heavier, and the water in the field was now waist high. Nancy's pace got slower and slower because she felt a great pain in her head. Finally, all she could do was to throw her arm around Lizzie's neck and try to hang on. About 20 minutes later, Lizzie managed to pull herself and Nancy out of the rising water and onto a bit of high land, which seemed like a small island in the middle of a lake of white water.
Even though it was about noon, the sky was so dark and the rain and lightning was so bad that it took rescuers more than two hours to discover Nancy. A man from a helicopter  lowered a rope, but Nancy couldn't catch it. A moment later, two men landed on the small island from a ladder in the helicopter. They raised her into the helicopter and took her to the school gym, where the Red Cross had set up an emergency shelter.
When the flood disappeared two days later, Nancy immediately went back to the ""island."" Lizzie was gone. She was one of 19 cows that Nancy had lost in the flood. ""I owe my life to her,"" said Nancy with tears.

Question: What did Nancy try to do before she fell over?

Answer choices: ['Measure the depth of the river', 'Look for a fallen tree trunk', 'Protect her cows from being drowned', 'Run away from the flooded farm']

Answer: Protect her cows from being drowned"
1,"There is probably no field of human activity in which our values and lifestyles are shown more clearly and strongly than they are in the clothes that we choose to wear.The dress of an individual is a kind of ""sign language"" that communicates a set of information and is usually the basis on which immediate impressions are formed.Traditionally,a concern for clothes was considered to be an affair of females,while men took pride in the fact that they were completely lacking in clothes consciousness .
This type of American culture is by degrees changing as man dress takes on greater variety and color.Even as early as 1955,a researcher in Michigan said that _ White collar workers in particular viewed dress as a symbol of ability,which could be used to impress or influence others,especially in the work situation.The white collar worker was described as extremely concerned about the impression his clothing made on his superiors .Although blue collar workers were less aware that they might be judged on the basis of their clothing,they recognized that any difference from the accepted pattern of dress would be made fun of by fellow workers.
Since that time,of course,the patterns have changed:the typical office worker may now be wearing the blue shirt,and the laborer a white shirt;but the importance of dress has not become less.Other researchers in recent years have helped to prove its importance in the lives of individuals at various age levels and in different social and economic status groups .","[{'question': 'The passage tells us that   _  .', 'answer': 'B', 'options': ['our values and lifestyles are in no field of human activity', 'the clothes that we choose to wear have something to do with our values and lifestyles', 'our values and lifestyles are from the sign language', 'the clothes we choose to wear depend on a set of information and immediate impression']}, {'question': 'Traditionally,people usually thought that   _  .', 'answer': 'B', 'options': ['men cared very much for clothes', ""women were concerned greatly about what they wore while men didn't"", 'both men and women paid great attention to their clothes', 'neither men nor women showed interest in clothes']}, {'question': 'Blue collar workers pay attention to their clothes because   _  .', 'answer': 'D', 'options': ['they are concerned about the impression their clothes make on their superiors', 'they know very clearly that people will judge them on the basis of their clothing', 'they want to impress and influence others', ""they don't want to be laughed at""]}, {'question': 'The passage mainly suggests that   _  .', 'answer': 'C', 'options': ['now men pay more attention to their clothes than women do', 'women always like beautiful dresses', 'people have paid more and more attention to the importance of dress', 'American culture is changing greatly']}]","Read this passage and answer the multiple choice question below it.

There is probably no field of human activity in which our values and lifestyles are shown more clearly and strongly than they are in the clothes that we choose to wear.The dress of an individual is a kind of ""sign language"" that communicates a set of information and is usually the basis on which immediate impressions are formed.Traditionally,a concern for clothes was considered to be an affair of females,while men took pride in the fact that they were completely lacking in clothes consciousness .
This type of American culture is by degrees changing as man dress takes on greater variety and color.Even as early as 1955,a researcher in Michigan said that _ White collar workers in particular viewed dress as a symbol of ability,which could be used to impress or influence others,especially in the work situation.The white collar worker was described as extremely concerned about the impression his clothing made on his superiors .Although blue collar workers were less aware that they might be judged on the basis of their clothing,they recognized that any difference from the accepted pattern of dress would be made fun of by fellow workers.
Since that time,of course,the patterns have changed:the typical office worker may now be wearing the blue shirt,and the laborer a white shirt;but the importance of dress has not become less.Other researchers in recent years have helped to prove its importance in the lives of individuals at various age levels and in different social and economic status groups .

Question: The passage tells us that   _  .

Answer choices: ['our values and lifestyles are in no field of human activity', 'the clothes that we choose to wear have something to do with our values and lifestyles', 'our values and lifestyles are from the sign language', 'the clothes we choose to wear depend on a set of information and immediate impression']

Answer: the clothes that we choose to wear have something to do with our values and lifestyles"